Timestamp,ICMR Min (V),ICMR Max (V),ICMR Mid (V),DC Gain (dB),UGF (Hz),Phase Margin (deg),Gain Margin (dB),Bandwidth 3dB (Hz),Output Swing Min (V),Output Swing Max (V),Power (Watts),CMRR (dB),PSRR+ (dB),PSRR- (dB),Slew Rate (+) (V/us),Slew Rate (-) (V/us),Peak Output Current (A)
2026-08-04 09:55:28,0.4212337,0.7882109,0.6047223,20.226,20144300.0,95.4331,FAILED,1966400.0,0.08030029999999999,0.7963689,1.2729e-05,43.5457,20.1055,45.1929,12.3738,11.5095,None
2026-08-04 09:58:08,0.4212337,0.7882109,0.6047223,20.226,20144300.0,95.4331,FAILED,1966400.0,0.08030029999999999,0.7963689,1.2729e-05,43.5457,20.1055,45.1929,12.3738,11.5095,None
2026-08-04 10:00:35,0.4212337,0.7882109,0.6047223,20.226,20144300.0,95.4331,FAILED,1966400.0,0.08030029999999999,0.7963689,1.2729e-05,43.5457,20.1055,45.1929,12.3738,11.5095,None
2026-08-04 10:03:19,0.4212337,0.7882109,0.6047223,20.226,20144300.0,95.4331,FAILED,1966400.0,0.08030029999999999,0.7963689,1.2729e-05,43.5457,20.1055,45.1929,12.3738,11.5095,None
2026-08-04 10:05:59,0.4212337,0.7882109,0.6047223,20.226,20144300.0,95.4331,FAILED,1966400.0,0.08030029999999999,0.7963689,1.2729e-05,43.5457,20.1055,45.1929,12.3738,11.5095,None
2026-08-04 10:09:21,0.4212337,0.7882109,0.6047223,20.226,20144300.0,95.4331,FAILED,1966400.0,0.08030029999999999,0.7963689,1.2729e-05,43.5457,20.1055,45.1929,12.3738,11.5095,None
2026-08-04 10:11:39,0.4212337,0.7882109,0.6047223,20.226,20144300.0,95.4331,FAILED,1966400.0,0.08030029999999999,0.7963689,1.2729e-05,43.5457,20.1055,45.1929,12.3738,11.5095,None
2026-08-04 10:14:04,0.4212337,0.7882109,0.6047223,20.226,20144300.0,95.4331,FAILED,1966400.0,0.08030029999999999,0.7963689,1.2729e-05,43.5457,20.1055,45.1929,12.3738,11.5095,None
2026-08-04 10:16:25,0.4212337,0.7882109,0.6047223,20.226,20144300.0,95.4331,FAILED,1966400.0,0.08030029999999999,0.7963689,1.2729e-05,43.5457,20.1055,45.1929,12.3738,11.5095,None
